{"status":0,"result":[{"x":112.95746363826386,"y":28.161767938243984}]}