{"status":0,"result":[{"x":112.942056,"y":28.149636}]}